262,"e-tv","Metz","NULL",2929,"http://img.zap.co.il/pics/8/3/5/9/14069538b.gif"
36973,"e-tv","Loewe","MODUS","L42","http://img.zap.co.il/pics/0/1/3/1/11361310b.gif"
137631,"e-tv","Dantax","NULL","P42HQ","http://img.zap.co.il/pics/7/5/6/1/11991657b.gif"
304214,"e-tv","Philips","NULL","42PF5320","http://img.zap.co.il/pics/5/6/4/9/13869465b.gif"
372020,"e-tv","Philips","NULL","BDS4624R","http://img.zap.co.il/pics/9/0/6/6/12936609b.gif"
375879,"e-tv","Panasonic","NULL","TH42PWD8","http://img.zap.co.il/pics/4/6/4/9/13869464b.gif"
412429,"e-tv","Samsung","NULL","LA40R71B","http://img.zap.co.il/pics/0/9/3/6/14076390b.gif"
413348,"e-tv","Metz","NULL","LT2012A","http://img.zap.co.il/pics/0/0/0/9/14219000b.gif"
415439,"e-tv","Konka","NULL","KLCTM2018S","http://img.zap.co.il/pics/3/7/0/6/13976073b.gif"
418949,"e-tv","Metz","NULL","M4211","http://img.zap.co.il/pics/3/0/0/9/14219003b.gif"
455277,"e-tv","Normande","NULL","LCD26701","http://img.zap.co.il/pics/0/5/7/1/14231750b.gif"
455279,"e-tv","Normande","NULL","LCD37701","http://img.zap.co.il/pics/9/9/8/1/14231899b.gif"
470106,"e-tv","Sharp","NULL","LC46XD1E","http://img.zap.co.il/pics/9/1/4/3/15683419b.gif"
470107,"e-tv","Sharp","NULL","LC42XD1E","http://img.zap.co.il/pics/9/0/9/4/15694909b.gif"
471981,"e-tv","LG","NULL","42PC1RR","http://img.zap.co.il/pics/7/2/9/7/15617927b.gif"
473522,"e-tv","Sansui","NULL","SV42PDP","http://img.zap.co.il/pics/0/0/3/6/23836300b.gif"
473721,"e-tv","Metz","NULL","M3711","http://img.zap.co.il/pics/2/2/4/1/16441422b.gif"
479010,"e-tv","Thomson","NULL","20LW052B5","http://img.zap.co.il/pics/9/6/5/8/14348569b.gif"
480322,"e-tv","Sansui","NULL","LCT37SD","http://img.zap.co.il/pics/9/6/9/3/17023969b.gif"
490577,"e-tv","LG","NULL","37LC2RR","http://img.zap.co.il/pics/2/3/8/4/24434832b.gif"
490705,"e-tv","Nec","NULL","NLT46HDB2","http://img.zap.co.il/pics/4/4/0/6/17626044b.gif"
501379,"e-tv","MAG","NULL","JL408","http://img.zap.co.il/pics/0/2/7/9/19099720b.gif"
502018,"e-tv","Graetz","NULL","GRLCD42751","http://img.zap.co.il/pics/4/4/6/9/19389644b.gif"
502268,"e-tv","Hitachi","NULL","42PD9500TA","http://img.zap.co.il/pics/6/0/0/9/19439006b.gif"
502890,"e-tv","Sansui","NULL",3706,"http://img.zap.co.il/pics/9/7/1/5/19105179b.gif"
505128,"e-tv","Panasonic","NULL","TH37PG9","http://img.zap.co.il/pics/4/0/5/2/19782504b.gif"
519225,"e-tv","Panasonic","NULL","TH37PG9W","http://img.zap.co.il/pics/0/0/4/7/19987400b.gif"
519954,"e-tv","Sansui","NULL","SN1907","http://img.zap.co.il/pics/6/2/5/1/20021526b.gif"
520824,"e-tv","Hitachi","NULL","32LD9000","http://img.zap.co.il/pics/2/4/0/6/20026042b.gif"
520825,"e-tv","Hitachi","NULL","37LD9000","http://img.zap.co.il/pics/3/4/0/6/20026043b.gif"
521052,"e-tv","Proview","NULL","JK371XC","http://img.zap.co.il/pics/5/6/1/1/20111165b.gif"
521053,"e-tv","Proview","NULL","EF371XC","http://img.zap.co.il/pics/6/6/1/1/20111166b.gif"
521343,"e-tv","Haier","NULL","L32A8A1","http://img.zap.co.il/pics/3/6/5/5/20045563b.gif"
521344,"e-tv","Haier","NULL","L37A8A1","http://img.zap.co.il/pics/2/6/5/5/20045562b.gif"
521458,"e-tv","Sharp","NULL","LC37XD1E","http://img.zap.co.il/pics/5/4/8/8/20068845b.gif"
573717,"e-tv","Panasonic","NULL","TH42PS9","http://img.zap.co.il/pics/5/9/3/7/20187395b.gif"
573722,"e-tv","Konka","NULL","KLC2021QS","http://img.zap.co.il/pics/2/0/2/1/20181202b.gif"
573723,"e-tv","Konka","NULL","KL3221QS","http://img.zap.co.il/pics/3/0/2/1/20181203b.gif"
573725,"e-tv","Dantax","NULL","SD4202","http://img.zap.co.il/pics/1/3/4/2/20062431b.gif"
574133,"e-tv","Uniden","NULL",42750,"http://img.zap.co.il/pics/5/3/9/9/20209935b.gif"
574142,"e-tv","Uniden","NULL",37750,"http://img.zap.co.il/pics/4/3/9/9/20209934b.gif"
574145,"e-tv","Haier","NULL","L40A9AA1","http://img.zap.co.il/pics/2/8/7/4/20194782b.gif"
576884,"e-tv","Samsung","NULL","PS50Q91H","http://img.zap.co.il/pics/2/3/7/0/20300732b.gif"
576886,"e-tv","Samsung","NULL","LA40R81B","http://img.zap.co.il/pics/8/4/1/6/20286148b.gif"
576887,"e-tv","Samsung","NULL","LA40S81B","http://img.zap.co.il/pics/1/5/1/6/20286151b.gif"
576888,"e-tv","Samsung","NULL","LA32S81B","http://img.zap.co.il/pics/9/4/1/6/20286149b.gif"
576944,"e-tv","Konka","NULL","KLC37BS21Q","http://img.zap.co.il/pics/1/9/7/3/20263791b.gif"
576946,"e-tv","Konka","NULL","KLC40BS21Q","http://img.zap.co.il/pics/7/1/0/3/20263017b.gif"
577014,"e-tv","Metz","NULL","L32A2","http://img.zap.co.il/pics/8/7/9/9/20219978b.gif"
577180,"e-tv","Haier","NULL","L26A9AA1","http://img.zap.co.il/pics/5/3/0/9/20329035b.gif"
577182,"e-tv","Haier","NULL","L37A9AA1","http://img.zap.co.il/pics/7/3/0/9/20329037b.gif"
577194,"e-tv","Toshiba","NULL","15VL63","http://img.zap.co.il/pics/9/9/7/8/20468799b.gif"
578107,"e-tv","Samsung","NULL","LA37R81B","http://img.zap.co.il/pics/2/8/9/1/21661982b.gif"
578425,"e-tv","Pixxel","Superior","XT","http://img.zap.co.il/pics/6/6/0/4/20384066b.gif"
579935,"e-tv","Panasonic","NULL","TH37PV45E","http://img.zap.co.il/pics/3/8/4/0/20420483b.gif"
580574,"e-tv","Hitachi","NULL","50PD9800TA","http://img.zap.co.il/pics/1/1/0/1/20471011b.gif"
582128,"e-tv","Toshiba","NULL","37C3000","http://img.zap.co.il/pics/1/9/0/3/20503091b.gif"
585634,"e-tv","Panasonic","NULL","TH42PHD9","http://img.zap.co.il/pics/9/4/5/1/20631549b.gif"
586421,"e-tv","Samsung","NULL","LA46S81B","http://img.zap.co.il/pics/0/2/2/1/20681220b.gif"
588135,"e-tv","Philips","NULL","42PFL5322","http://img.zap.co.il/pics/6/3/9/2/24192936b.gif"
588136,"e-tv","Philips","NULL","47PFL7642","http://img.zap.co.il/pics/7/0/9/9/20859907b.gif"
588849,"e-tv","BenQ","NULL","VB3732","http://img.zap.co.il/pics/0/9/0/5/20505090b.gif"
588924,"e-tv","Proview","NULL","EF4210XC","http://img.zap.co.il/pics/5/5/7/6/21106755b.gif"
589077,"e-tv","BenQ","NULL","VL4232","http://img.zap.co.il/pics/0/6/1/1/21081160b.gif"
589098,"e-tv","BenQ","NULL","VB3232","http://img.zap.co.il/pics/0/0/0/2/20502000b.gif"
589140,"e-tv","Uniden","NULL","FH42750FHD","http://img.zap.co.il/pics/7/1/3/9/20929317b.gif"
590546,"e-tv","Samsung","NULL","PS42C91H","http://img.zap.co.il/pics/1/8/4/5/21155481b.gif"
591050,"e-tv","LG","NULL","42PC7RV","http://img.zap.co.il/pics/7/2/6/7/21137627b.gif"
591053,"e-tv","KTC","NULL","W2205STD","http://img.zap.co.il/pics/4/6/9/8/20878964b.gif"
591242,"e-tv","Panasonic","NULL","TH50PV70","http://img.zap.co.il/pics/3/6/3/9/21749363b.gif"
591435,"e-tv","Philips","NULL","50PFP5532D","http://img.zap.co.il/pics/2/3/8/5/21265832b.gif"
591436,"e-tv","Sharp","NULL","LC20S5E","http://img.zap.co.il/pics/1/2/2/6/21266221b.gif"
591694,"e-tv","Electra","NULL","37781ELC","http://img.zap.co.il/pics/9/6/7/7/20857769b.gif"
591695,"e-tv","Dantax","NULL","LC37","http://img.zap.co.il/pics/9/1/5/4/21534519b.gif"
591725,"e-tv","Panasonic","NULL","TH42PV7","http://img.zap.co.il/pics/3/2/2/5/21755223b.gif"
591726,"e-tv","Panasonic","NULL","TH42PH9","http://img.zap.co.il/pics/6/0/0/1/20471006b.gif"
592415,"e-tv","LG","NULL","M228WA","http://img.zap.co.il/pics/0/2/2/4/21504220b.gif"
592794,"e-tv","Hitachi","NULL","P50T01","http://img.zap.co.il/pics/3/4/8/7/21487843b.gif"
592796,"e-tv","Hitachi","NULL","L32A01","http://img.zap.co.il/pics/2/1/0/3/23623012b.gif"
593127,"e-tv","LG","NULL","42LB7R","http://img.zap.co.il/pics/6/4/4/2/22312446b.gif"
593565,"e-tv","Pioneer","PDP-4280XA","Kuro","http://img.zap.co.il/pics/0/1/5/4/21984510b.gif"
593792,"e-tv","Philips","NULL","37PF5321","http://img.zap.co.il/pics/1/9/1/6/17836191b.gif"
593856,"e-tv","Sharp","NULL","LC37AD5E","http://img.zap.co.il/pics/2/2/3/6/22376322b.gif"
593857,"e-tv","Sharp","NULL","LC37WD1E","http://img.zap.co.il/pics/6/4/9/4/21694946b.gif"
594468,"e-tv","JVC","NULL","LT37EX17","http://img.zap.co.il/pics/3/7/3/6/21796373b.gif"
594520,"e-tv","Sharp","NULL","LC42AD5E","http://img.zap.co.il/pics/8/9/6/5/21795698b.gif"
594521,"e-tv","Sharp","NULL","LC42WD1E","http://img.zap.co.il/pics/7/9/6/5/21795697b.gif"
594522,"e-tv","Philips","NULL","20PFL5522D","http://img.zap.co.il/pics/4/3/1/7/21757134b.gif"
594683,"e-tv","Philips","NULL","42PFP5332","http://img.zap.co.il/pics/4/2/4/7/21847424b.gif"
594731,"e-tv","Sharp","NULL","LC32WD1E","http://img.zap.co.il/pics/5/4/9/4/21694945b.gif"
594997,"e-tv","Metz","NULL","LC32TL","http://img.zap.co.il/pics/7/4/4/6/21856447b.gif"
595045,"e-tv","Philips","NULL","37PFL5522D","http://img.zap.co.il/pics/7/3/2/3/20833237b.gif"
595047,"e-tv","Philips","NULL","37PFL9732D","http://img.zap.co.il/pics/8/3/2/3/20833238b.gif"
595319,"e-tv","LG","NULL","50PT81","http://img.zap.co.il/pics/0/7/3/8/21928370b.gif"
595505,"e-tv","Haier","NULL","L42A9AA1","http://img.zap.co.il/pics/4/1/8/7/21827814b.gif"
596088,"e-tv","Philips","NULL","42PFL3312","http://img.zap.co.il/pics/1/3/5/7/22147531b.gif"
596136,"e-tv","LG","NULL","37LC43","http://img.zap.co.il/pics/3/3/6/1/22061633b.gif"
596137,"e-tv","LG","NULL","42LC43","http://img.zap.co.il/pics/8/8/8/8/21988888b.gif"
597815,"e-tv","Panasonic","NULL","TH42PH10","http://img.zap.co.il/pics/0/3/5/4/22434530b.gif"
597816,"e-tv","Panasonic","NULL","TH50PH10","http://img.zap.co.il/pics/4/2/6/4/22084624b.gif"
598028,"e-tv","LG","NULL","42PT81","http://img.zap.co.il/pics/0/4/6/3/22183640b.gif"
598113,"e-tv","Sony","Bravia","KDL37P3000E","http://img.zap.co.il/pics/1/5/5/7/22147551b.gif"
598761,"e-tv","Philips","NULL","47PFL5522","http://img.zap.co.il/pics/9/0/3/5/22365309b.gif"
598762,"e-tv","Nec","NULL","NLT19HDB3","http://img.zap.co.il/pics/2/0/9/8/22268902b.gif"
598766,"e-tv","Nec","NULL","NLT40HDB4","http://img.zap.co.il/pics/3/3/8/4/22304833b.gif"
599073,"e-tv","LG","NULL","42LB5RT","http://img.zap.co.il/pics/1/6/8/5/22185861b.gif"
599114,"e-tv","LG","NULL","M1917A","http://img.zap.co.il/pics/0/5/1/7/18977150b.gif"
599178,"e-tv","Sansui","NULL","LCT42SDFT","http://img.zap.co.il/pics/6/2/4/5/22315426b.gif"
676475,"e-tv","Philips","NULL","42PFL7962D","http://img.zap.co.il/pics/7/0/3/5/22365307b.gif"
676492,"e-tv","Philips","NULL","37PFL5322","http://img.zap.co.il/pics/8/4/2/3/20833248b.gif"
676650,"e-tv","Samsung","NULL","LA19R71B","http://img.zap.co.il/pics/1/0/5/7/22367501b.gif"
676657,"e-tv","Hitachi","NULL","L37A01","http://img.zap.co.il/pics/5/4/2/7/22367245b.gif"
676658,"e-tv","Hitachi","NULL","L42X01","http://img.zap.co.il/pics/6/4/2/7/22367246b.gif"
676664,"e-tv","FujiCom","NULL","FJ2201W","http://img.zap.co.il/pics/1/0/2/6/22136201b.gif"
676666,"e-tv","FujiCom","NULL","FJ4201W","http://img.zap.co.il/pics/2/8/4/4/22184482b.gif"
676927,"e-tv","Hitachi","NULL","P50X01A","http://img.zap.co.il/pics/3/2/2/8/22388223b.gif"
677050,"e-tv","Toshiba","Regza","42X3500","http://img.zap.co.il/pics/2/6/6/8/22398662b.gif"
677190,"e-tv","Toshiba","Regza","32A3500","http://img.zap.co.il/pics/1/6/9/5/24135961b.gif"
677191,"e-tv","Toshiba","Regza","42A3500","http://img.zap.co.il/pics/0/1/5/7/23737510b.gif"
677192,"e-tv","Toshiba","Regza","37A3500","http://img.zap.co.il/pics/1/3/3/2/22422331b.gif"
678233,"e-tv","Metz","NULL","LC42TL","http://img.zap.co.il/pics/6/4/8/2/22482846b.gif"
678279,"e-tv","Panasonic","NULL","42PR10","http://img.zap.co.il/pics/7/9/3/7/22137397b.gif"
678462,"e-tv","Panasonic","NULL","TH42PV70","http://img.zap.co.il/pics/2/0/0/5/23335002b.gif"
678552,"e-tv","Sharp","NULL","LC46XL2E","http://img.zap.co.il/pics/9/0/7/0/22550709b.gif"
679043,"e-tv","Normande","NULL",3233,"http://img.zap.co.il/pics/7/2/1/8/22698127b.gif"
679335,"e-tv","Sharp","NULL","LC52XL2E","http://img.zap.co.il/pics/6/7/2/2/22802276b.gif"
679636,"e-tv","Sansui","NULL","LCT42SDLG","http://img.zap.co.il/pics/7/2/9/5/22835927b.gif"
679800,"e-tv","LG","NULL","47LB9R","http://img.zap.co.il/pics/9/5/2/0/22800259b.gif"
680518,"e-tv","Sansui","NULL","LCT47","http://img.zap.co.il/pics/3/2/3/1/22941323b.gif"
680524,"e-tv","i-Tech","NULL","TL-2630TP","http://img.zap.co.il/pics/2/5/7/0/22940752b.gif"
680854,"e-tv","Hitachi","NULL","P42A01","http://img.zap.co.il/pics/5/7/9/4/23024975b.gif"
681528,"e-tv","Panasonic","NULL","TH50PF10","http://img.zap.co.il/pics/5/0/6/1/23061605b.gif"
681654,"e-tv","Sony","Bravia","KDL40D3550","http://img.zap.co.il/pics/7/2/2/5/23905227b.gif"
681712,"e-tv","Sharp","NULL","LC37X20E","http://img.zap.co.il/pics/9/6/4/3/23123469b.gif"
681713,"e-tv","Sharp","NULL","LC42X20E","http://img.zap.co.il/pics/1/7/4/3/23123471b.gif"
686027,"e-tv","Proview","NULL","EF4211UC","http://img.zap.co.il/pics/8/2/3/9/23209328b.gif"
686086,"e-tv","Proview","NULL","EF4610","http://img.zap.co.il/pics/4/4/7/4/22904744b.gif"
686395,"e-tv","Hitachi","NULL","37LD900TA","http://img.zap.co.il/pics/4/0/5/1/20111504b.gif"
686949,"e-tv","Nec","NULL","42XC10","http://img.zap.co.il/pics/3/1/6/7/23597613b.gif"
687123,"e-tv","Thomson","NULL","37M61NH21","http://img.zap.co.il/pics/3/3/4/3/23443433b.gif"
687124,"e-tv","Thomson","NULL","37M61NF21","http://img.zap.co.il/pics/2/0/4/3/26613402b.gif"
687125,"e-tv","Thomson","NULL","42M61NF21","http://img.zap.co.il/pics/3/0/4/3/26613403b.gif"
687190,"e-tv","Konka","NULL","KL32CS66","http://img.zap.co.il/pics/0/5/8/1/23431850b.gif"
688681,"e-tv","Haier","NULL","L42A8A","http://img.zap.co.il/pics/4/6/6/3/25113664b.gif"
691498,"e-tv","Konka","NULL","KL42CS66","http://img.zap.co.il/pics/1/5/8/1/23431851b.gif"
691499,"e-tv","Konka","NULL","KL47BT20DC","http://img.zap.co.il/pics/2/5/8/1/23431852b.gif"
691500,"e-tv","Konka","NULL","KL52BT20DC","http://img.zap.co.il/pics/3/5/8/1/23431853b.gif"
691596,"e-tv","Philips","NULL","37PFL7562D","http://img.zap.co.il/pics/6/3/2/3/20833236b.gif"
691682,"e-tv","FujiCom","NULL","FJ3701W","http://img.zap.co.il/pics/6/4/7/2/23682746b.gif"
691761,"e-tv","Panasonic","NULL","TX37LX75","http://img.zap.co.il/pics/7/6/0/9/23699067b.gif"
692232,"e-tv","Panasonic","NULL","TH37PR10","http://img.zap.co.il/pics/0/6/8/1/21701860b.gif"
692234,"e-tv","Sharp","NULL","LC26PX5","http://img.zap.co.il/pics/5/3/2/6/23866235b.gif"
692235,"e-tv","Sharp","NULL","LC37PX5","http://img.zap.co.il/pics/5/3/2/6/23866235b.gif"
694340,"e-tv","ViewSonic","NULL","N2640WB","http://img.zap.co.il/pics/0/9/5/5/23575590b.gif"
694471,"e-tv","FujiCom","NULL","32G03H","http://img.zap.co.il/pics/1/9/1/2/24812191b.gif"
694692,"e-tv","Panasonic","NULL","TH42PS10","http://img.zap.co.il/pics/4/6/8/6/21996864b.gif"
694832,"e-tv","Hitachi","NULL","37LD9000TA","http://img.zap.co.il/pics/2/8/3/0/21310382b.gif"
695280,"e-tv","LG","NULL","50PG200R","http://img.zap.co.il/pics/7/6/0/5/24475067b.gif"
695281,"e-tv","LG","NULL","42PG200R","http://img.zap.co.il/pics/8/0/0/1/23061008b.gif"
695289,"e-tv","Hisense","NULL","LCD3729","http://img.zap.co.il/pics/3/5/1/9/24539153b.gif"
695290,"e-tv","Hisense","NULL","LCD3707","http://img.zap.co.il/pics/1/5/1/9/24539151b.gif"
695292,"e-tv","Hisense","NULL","LCD4028","http://img.zap.co.il/pics/4/5/1/9/24539154b.gif"
695293,"e-tv","Hisense","NULL","LCD4229","http://img.zap.co.il/pics/5/5/1/9/24539155b.gif"
695305,"e-tv","Haier","NULL","P32R1","http://img.zap.co.il/pics/2/4/1/8/24638142b.gif"
695306,"e-tv","BenQ","NULL","SH4231","http://img.zap.co.il/pics/8/7/4/9/24539478b.gif"
695307,"e-tv","BenQ","NULL","SH3731","http://img.zap.co.il/pics/5/5/7/8/24538755b.gif"
696114,"e-tv","LG","NULL","42PG60UR","http://img.zap.co.il/pics/8/3/0/2/24952038b.gif"
696115,"e-tv","LG","NULL","50PG60UR","http://img.zap.co.il/pics/1/1/3/1/25091311b.gif"
696168,"e-tv","FujiCom","NULL","PP42G23H","http://img.zap.co.il/pics/4/4/5/3/24833544b.gif"
696469,"e-tv","Toshiba","Regza","37AV500","http://img.zap.co.il/pics/0/1/1/3/24873110b.gif"
696470,"e-tv","Toshiba","Regza","42AV500","http://img.zap.co.il/pics/5/1/2/1/25131215b.gif"
696591,"e-tv","Hitachi","NULL","L37X01","http://img.zap.co.il/pics/5/4/4/1/24851445b.gif"
696768,"e-tv","LG","Scarlet","37LG60UR","http://img.zap.co.il/pics/2/6/4/7/26087462b.gif"
696769,"e-tv","LG","Scarlet","47LG60FR","http://img.zap.co.il/pics/7/8/8/2/25092887b.gif"
696779,"e-tv","MAG","NULL","BF37","http://img.zap.co.il/pics/4/3/1/5/25135134b.gif"
697721,"e-tv","Sharp","NULL","46PX5","http://img.zap.co.il/pics/4/9/7/5/24215794b.gif"
703543,"e-tv","LG","Scarlet","42LG60FR","http://img.zap.co.il/pics/1/4/7/9/25169741b.gif"
703609,"e-tv","MAG","NULL","JF46","http://img.zap.co.il/pics/8/4/9/4/23244948b.gif"
703672,"e-tv","LG","NULL","42LB9R","http://img.zap.co.il/pics/4/3/9/3/22183934b.gif"
704173,"e-tv","Beko","NULL","BKL32LXLU1B","http://img.zap.co.il/pics/8/6/3/7/24927368b.gif"
704174,"e-tv","Beko","NULL","BKL32LXLU1","http://img.zap.co.il/pics/2/2/4/8/25218422b.gif"
704176,"e-tv","ViewSonic","NULL","N3740WB","http://img.zap.co.il/pics/9/9/5/3/25353599b.gif"
704186,"e-tv","LG","NULL","42PG100R","http://img.zap.co.il/pics/6/7/7/9/25229776b.gif"
704266,"e-tv","Haier","NULL","L26R1","http://img.zap.co.il/pics/4/1/2/9/25169214b.gif"
704268,"e-tv","Haier","NULL","L42R1","http://img.zap.co.il/pics/3/9/6/9/25219693b.gif"
704401,"e-tv","LG","NULL","42LG30R","http://img.zap.co.il/pics/9/9/4/1/25411499b.gif"
704579,"e-tv","Sharp","NULL","LC37PX5M","http://img.zap.co.il/pics/5/8/1/1/25931185b.gif"
704580,"e-tv","Skyworth","NULL","42L16","http://img.zap.co.il/pics/9/2/5/4/25294529b.gif"
704582,"e-tv","Skyworth","NULL","37L16","http://img.zap.co.il/pics/8/2/5/4/25294528b.gif"
704584,"e-tv","Skyworth","NULL","26L16","http://img.zap.co.il/pics/6/2/5/4/25294526b.gif"
704585,"e-tv","Skyworth","NULL","20L03","http://img.zap.co.il/pics/5/2/5/4/25294525b.gif"
704973,"e-tv","Konka","NULL","KL22ES31","http://img.zap.co.il/pics/8/8/0/5/26345088b.gif"
705149,"e-tv","Dantax","NULL","HQL420LG","http://img.zap.co.il/pics/7/4/0/3/22863047b.gif"
705220,"e-tv","LG","NULL","42PG60","http://img.zap.co.il/pics/9/4/9/1/25441949b.gif"
705221,"e-tv","LG","NULL","50PG30TR","http://img.zap.co.il/pics/2/5/9/1/25441952b.gif"
705251,"e-tv","FujiCom","NULL","LC32G72","http://img.zap.co.il/pics/3/5/1/9/25479153b.gif"
705252,"e-tv","Sony","Bravia","KDL26B4030","http://img.zap.co.il/pics/3/7/6/2/25462673b.gif"
705409,"e-tv","LG","NULL","37LG30R","http://img.zap.co.il/pics/3/5/2/3/25953253b.gif"
705432,"e-tv","Dell","NULL","W3706","http://img.zap.co.il/pics/0/7/2/8/25558270b.gif"
705489,"e-tv","Beko","NULL","BKL42LBLU4B","http://img.zap.co.il/pics/6/9/5/9/25039596b.gif"
705492,"e-tv","Beko","NULL","BKL37LBLU2B","http://img.zap.co.il/pics/2/3/3/8/23248332b.gif"
706952,"e-tv","Philips","NULL","42PFL7603","http://img.zap.co.il/pics/1/8/4/7/25217481b.gif"
708073,"e-tv","Samsung","NULL","PPM50M7H","http://img.zap.co.il/pics/3/9/0/3/25683093b.gif"
708106,"e-tv","Samsung","NULL","LA32A450","http://img.zap.co.il/pics/8/2/0/9/25859028b.gif"
708310,"e-tv","Samsung","NULL","PS50A550","http://img.zap.co.il/pics/7/7/9/4/25794977b.gif"
708363,"e-tv","LG","NULL","42PG20","http://img.zap.co.il/pics/6/2/6/8/25798626b.gif"
708409,"e-tv","Samsung","NULL","LA40A550","http://img.zap.co.il/pics/0/5/0/0/25870050b.gif"
708410,"e-tv","Samsung","NULL","LA46A550","http://img.zap.co.il/pics/4/2/9/5/25895924b.gif"
708448,"e-tv","Sansui","NULL","LCT26SD","http://img.zap.co.il/pics/8/7/0/9/25609078b.gif"
708449,"e-tv","Xerox","NULL","HF4210","http://img.zap.co.il/pics/2/7/6/9/25829672b.gif"
708598,"e-tv","Samsung","NULL","LA37A450","http://img.zap.co.il/pics/2/8/6/0/25870682b.gif"
708612,"e-tv","Samsung","NULL","LA40A330","http://img.zap.co.il/pics/0/8/7/0/25870780b.gif"
708614,"e-tv","Samsung","NULL","LA37A550","http://img.zap.co.il/pics/4/6/8/8/26048864b.gif"
708620,"e-tv","Samsung","NULL","LA40A610","http://img.zap.co.il/pics/7/2/8/7/27757827b.gif"
708696,"e-tv","Samsung","NULL","LA46A610","http://img.zap.co.il/pics/6/2/8/7/27757826b.gif"
708697,"e-tv","Samsung","NULL","LA52A610","http://img.zap.co.il/pics/7/2/6/2/25882627b.gif"
708866,"e-tv","Samsung","NULL","PS42A410","http://img.zap.co.il/pics/2/8/7/8/25898782b.gif"
708867,"e-tv","Samsung","NULL","PS50A410","http://img.zap.co.il/pics/4/8/7/8/25898784b.gif"
708962,"e-tv","Uniden","NULL",20796,"http://img.zap.co.il/pics/3/8/4/3/25903483b.gif"
708968,"e-tv","Philips","NULL","42PFL3512","http://img.zap.co.il/pics/5/1/6/9/25929615b.gif"
710015,"e-tv","Nec","NULL","NLT40HDB3","http://img.zap.co.il/pics/9/0/9/9/23149909b.gif"
710084,"e-tv","Samsung","NULL","LA40A450","http://img.zap.co.il/pics/5/5/7/9/25859755b.gif"
710172,"e-tv","Pioneer","NULL","PDP-LX5090","http://img.zap.co.il/pics/0/0/7/7/25957700b.gif"
710228,"e-tv","Samsung","NULL","PPM42M7H","http://img.zap.co.il/pics/4/4/4/3/25983444b.gif"
710817,"e-tv","LG","NULL","42LG33R","http://img.zap.co.il/pics/1/0/6/4/26034601b.gif"
710929,"e-tv","Skyworth","NULL","19L03","http://img.zap.co.il/pics/4/1/3/6/26036314b.gif"
710935,"e-tv","LG","NULL","37LG33R","http://img.zap.co.il/pics/2/0/7/0/26070702b.gif"
710938,"e-tv","Hitachi","NULL","UT37MX700A","http://img.zap.co.il/pics/3/0/2/4/26174203b.gif"
710939,"e-tv","Hitachi","NULL","UT42MX700A","http://img.zap.co.il/pics/0/4/2/4/26174240b.gif"
711038,"e-tv","Samsung","NULL","PS50A450","http://img.zap.co.il/pics/0/7/5/4/25984570b.gif"
711039,"e-tv","LG","NULL","47LG55FR","http://img.zap.co.il/pics/0/0/5/1/25411500b.gif"
711724,"e-tv","Nec","NULL","NLT32HDB3","http://img.zap.co.il/pics/1/1/3/5/26145311b.gif"
711735,"e-tv","LG","NULL","42LG55FR","http://img.zap.co.il/pics/0/4/6/9/26069640b.gif"
711737,"e-tv","Philips","NULL","37PFL5603D","http://img.zap.co.il/pics/8/9/0/5/26215098b.gif"
711739,"e-tv","Philips","NULL","42PFL5603D","http://img.zap.co.il/pics/1/9/6/9/26309691b.gif"
711740,"e-tv","Philips","NULL","47PFL7603D","http://img.zap.co.il/pics/4/9/6/9/26309694b.gif"
711741,"e-tv","Samsung","NULL","LA40A650","http://img.zap.co.il/pics/5/5/4/4/26174455b.gif"
711743,"e-tv","Samsung","NULL","LA46A650","http://img.zap.co.il/pics/6/5/4/4/26174456b.gif"
711878,"e-tv","Sansui","NULL","SV42PDPDS","http://img.zap.co.il/pics/4/3/7/4/26144734b.gif"
711996,"e-tv","Philips","NULL","37PFL7603","http://img.zap.co.il/pics/5/4/1/6/26236145b.gif"
712038,"e-tv","LG","NULL","47LG50","http://img.zap.co.il/pics/2/1/2/4/26264212b.gif"
712039,"e-tv","Panasonic","NULL","TH42PV80","http://img.zap.co.il/pics/3/0/2/4/26264203b.gif"
712111,"e-tv","Lenco","NULL","LLCD42LBLZ5B","http://img.zap.co.il/pics/1/3/6/3/26083631b.gif"
712130,"e-tv","Sharp","NULL","LC37A33M","http://img.zap.co.il/pics/5/4/4/4/26264445b.gif"
712420,"e-tv","LG","NULL","47LG50FR","http://img.zap.co.il/pics/9/1/6/6/26376619b.gif"
712421,"e-tv","Konka","NULL","KL37CS66","http://img.zap.co.il/pics/1/2/1/2/25652121b.gif"
712424,"e-tv","LG","NULL","37LG50","http://img.zap.co.il/pics/2/7/5/8/26328572b.gif"
712425,"e-tv","LG","NULL","42LG31","http://img.zap.co.il/pics/2/9/9/5/26235992b.gif"
712426,"e-tv","Philips","NULL","32PFL7603D","http://img.zap.co.il/pics/3/5/7/4/26304753b.gif"
712518,"e-tv","LG","NULL","50PG60","http://img.zap.co.il/pics/0/4/3/4/25804340b.gif"
712916,"e-tv","Hitachi","NULL","L32A02A","http://img.zap.co.il/pics/2/5/6/3/25933652b.gif"
712920,"e-tv","Thomson","NULL","26M61NH20","http://img.zap.co.il/pics/4/5/4/9/26429454b.gif"
712923,"e-tv","Thomson","NULL","40M71NH20","http://img.zap.co.il/pics/9/5/4/9/26429459b.gif"
713096,"e-tv","Toshiba","Regza","37CV500","http://img.zap.co.il/pics/6/5/1/7/26467156b.gif"
713152,"e-tv","Toshiba","Regza","42CV500","http://img.zap.co.il/pics/2/2/1/6/26476122b.gif"
713379,"e-tv","LG","NULL","32LG31","http://img.zap.co.il/pics/1/5/2/4/26444251b.gif"
713381,"e-tv","Panasonic","NULL","TX37LX80","http://img.zap.co.il/pics/6/4/9/4/26514946b.gif"
713383,"e-tv","Panasonic","NULL","TH42PY800","http://img.zap.co.il/pics/1/8/3/3/27963381b.gif"
713697,"e-tv","LG","NULL","37LG31","http://img.zap.co.il/pics/1/4/1/5/26265141b.gif"
713809,"e-tv","Electra","NULL","ELC42783","http://img.zap.co.il/pics/5/8/6/1/26461685b.gif"
713960,"e-tv","Hisense","NULL","LCD2633","http://img.zap.co.il/pics/4/8/9/1/26861984b.gif"
714135,"e-tv","Hisense","NULL","LCD3728","http://img.zap.co.il/pics/0/7/1/0/26710170b.gif"
714139,"e-tv","Hisense","NULL","LCD3733","http://img.zap.co.il/pics/4/2/7/9/26889724b.gif"
714378,"e-tv","Panasonic","NULL","TH50PV80","http://img.zap.co.il/pics/7/1/7/8/26788717b.gif"
714379,"e-tv","Pioneer","KRL37V","Kuro","http://img.zap.co.il/pics/3/1/0/1/26741013b.gif"
714447,"e-tv","Toshiba","Regza","42XV500","http://img.zap.co.il/pics/0/3/8/1/26801830b.gif"
714544,"e-tv","LG","NULL","50PG30FR","http://img.zap.co.il/pics/3/3/1/7/27147133b.gif"
714545,"e-tv","LG","Scarlet","47LG70YR","http://img.zap.co.il/pics/2/0/0/8/27228002b.gif"
714594,"e-tv","FujiCom","NULL","FJ4701W","http://img.zap.co.il/pics/1/1/5/6/26846511b.gif"
714923,"e-tv","Metz","NULL","LC47TL","http://img.zap.co.il/pics/4/0/2/5/22905204b.gif"
714926,"e-tv","Panasonic","NULL","TX32LX800","http://img.zap.co.il/pics/0/3/0/5/28525030b.gif"
715001,"e-tv","Lenco","NULL","LLCD-37LB-LZ3B","http://img.zap.co.il/pics/3/9/1/1/26951193b.gif"
715015,"e-tv","Sony","Bravia","KDL46V4000E","http://img.zap.co.il/pics/9/9/0/1/26961099b.gif"
715016,"e-tv","Sony","Bravia","KDL32L4000E","http://img.zap.co.il/pics/6/9/3/2/27242396b.gif"
715103,"e-tv","Hitachi","NULL","L32S02A","http://img.zap.co.il/pics/2/5/6/3/25933652b.gif"
715367,"e-tv","Toshiba","Regza","26AV500PG","http://img.zap.co.il/pics/5/2/4/6/26986425b.gif"
715386,"e-tv","Toshiba","Regza","37XV500","http://img.zap.co.il/pics/3/8/8/9/26999883b.gif"
715684,"e-tv","Sony","Bravia","KDL40L4000","http://img.zap.co.il/pics/1/3/8/6/27146831b.gif"
716024,"e-tv","Haier","NULL","P42K1","http://img.zap.co.il/pics/7/9/8/3/27503897b.gif"
716035,"e-tv","Philips","NULL","42PFL7403D","http://img.zap.co.il/pics/2/3/1/3/26613132b.gif"
716061,"e-tv","Sony","Bravia","KDL40V4000E","http://img.zap.co.il/pics/1/5/9/9/27519951b.gif"
716315,"e-tv","Sony","Bravia","KDL46W4000","http://img.zap.co.il/pics/8/2/2/8/27298228b.gif"
716332,"e-tv","Haier","NULL","L42T1","http://img.zap.co.il/pics/5/3/0/6/26716035b.gif"
716333,"e-tv","Haier","NULL","L47T1","http://img.zap.co.il/pics/1/1/2/2/27352211b.gif"
716335,"e-tv","Philips","NULL","42PFL3403D","http://img.zap.co.il/pics/7/7/8/4/27264877b.gif"
716340,"e-tv","Samsung","NULL","400PX","http://img.zap.co.il/pics/8/9/9/2/27032998b.gif"
716553,"e-tv","LG","NULL","32LG10R","http://img.zap.co.il/pics/1/5/8/0/27460851b.gif"
716772,"e-tv","Toshiba","NULL","37CV501","http://img.zap.co.il/pics/4/0/5/1/27411504b.gif"
716773,"e-tv","Sony","Bravia","KDL37S4000E","http://img.zap.co.il/pics/2/1/2/4/27744212b.gif"
716790,"e-tv","Hitachi","NULL","L42S02A","http://img.zap.co.il/pics/6/8/4/9/27389486b.gif"
716791,"e-tv","Hitachi","NULL","L42X02A","http://img.zap.co.il/pics/3/2/8/2/27832823b.gif"
716844,"e-tv","Sharp","NULL","LC37D44","http://img.zap.co.il/pics/5/8/9/2/27502985b.gif"
716876,"e-tv","LG","Scarlet","42LG80FR","http://img.zap.co.il/pics/1/9/7/8/27618791b.gif"
716877,"e-tv","LG","NULL","32LG53","http://img.zap.co.il/pics/9/0/7/6/27486709b.gif"
716960,"e-tv","Konka","NULL","KL26ES66","http://img.zap.co.il/pics/5/6/5/7/25267565b.gif"
717206,"e-tv","Samsung","NULL","PS42A451","http://img.zap.co.il/pics/4/2/7/1/27821724b.gif"
717335,"e-tv","Sansui","NULL","SV50PDPTDI","http://img.zap.co.il/pics/5/3/7/4/26144735b.gif"
717347,"e-tv","LG","NULL","42LG10R","http://img.zap.co.il/pics/0/3/8/2/27592830b.gif"
717424,"e-tv","Sony","Bravia","KDL40W4500","http://img.zap.co.il/pics/5/7/4/7/27617475b.gif"
717639,"e-tv","Sony","Bravia","KDL32W4000E","http://img.zap.co.il/pics/2/7/1/4/28144172b.gif"
717641,"e-tv","Toshiba","Regza","42RV500","http://img.zap.co.il/pics/1/4/3/5/27745341b.gif"
717762,"e-tv","Philips","NULL","37PFL3403D","http://img.zap.co.il/pics/1/3/3/8/27698331b.gif"
717779,"e-tv","Hitachi","NULL","UT42MX700","http://img.zap.co.il/pics/8/1/1/9/27699118b.gif"
717921,"e-tv","Hitachi","NULL","P50A101A","http://img.zap.co.il/pics/8/2/9/2/27742928b.gif"
717980,"e-tv","LG","NULL","37LG50FR","http://img.zap.co.il/pics/2/1/5/7/27957512b.gif"
718021,"e-tv","Sansui","NULL","LCT47SDFT","http://img.zap.co.il/pics/1/7/5/5/25865571b.gif"
718070,"e-tv","Normande","NULL","ND3233","http://img.zap.co.il/pics/6/7/8/2/25952876b.gif"
718105,"e-tv","Dantax","NULL","P50","http://img.zap.co.il/pics/4/0/7/1/27461704b.gif"
718121,"e-tv","Toshiba","Regza","37XV550","http://img.zap.co.il/pics/1/7/1/7/27817171b.gif"
718280,"e-tv","Hitachi","NULL","P42E101A","http://img.zap.co.il/pics/2/1/0/5/28125012b.gif"
718566,"e-tv","KTC","NULL","W9005S-TD","http://img.zap.co.il/pics/4/8/2/6/27846284b.gif"
718582,"e-tv","Skyworth","NULL","22L3F","http://img.zap.co.il/pics/3/8/4/5/27845483b.gif"
718691,"e-tv","LG","NULL","37LG3000","http://img.zap.co.il/pics/5/1/5/7/27957515b.gif"
718692,"e-tv","LG","NULL","42LG34R","http://img.zap.co.il/pics/7/1/5/7/27957517b.gif"
718693,"e-tv","LG","NULL","42LG3000","http://img.zap.co.il/pics/4/3/6/5/27955634b.gif"
718973,"e-tv","Sharp","NULL","LC37D65","http://img.zap.co.il/pics/7/2/1/3/27963127b.gif"
718975,"e-tv","Sharp","NULL","LC42SB55","http://img.zap.co.il/pics/4/8/0/4/27964084b.gif"
719062,"e-tv","Akai","NULL","LT2602AB","http://img.zap.co.il/pics/9/5/2/5/27845259b.gif"
719069,"e-tv","Akai","NULL","LT3201AB","http://img.zap.co.il/pics/2/6/2/5/27845262b.gif"
719070,"e-tv","Akai","NULL","LT2201AB","http://img.zap.co.il/pics/8/5/2/5/27845258b.gif"
719071,"e-tv","Akai","NULL","LT4201AB","http://img.zap.co.il/pics/3/6/2/5/27845263b.gif"
719077,"e-tv","Hisense","NULL","LCD4233","http://img.zap.co.il/pics/4/6/1/8/28138164b.gif"
719086,"e-tv","Sharp","NULL","LC46D65E","http://img.zap.co.il/pics/5/7/0/6/28016075b.gif"
719128,"e-tv","Samsung","NULL","LE32A451","http://img.zap.co.il/pics/4/1/0/2/28032014b.gif"
719129,"e-tv","Sony","Bravia","KDL46W4500","http://img.zap.co.il/pics/1/1/0/2/28032011b.gif"
719195,"e-tv","BenQ","NULL","VJ4211","http://img.zap.co.il/pics/4/0/7/7/28047704b.gif"
719455,"e-tv","Panasonic","NULL","TX32LX80","http://img.zap.co.il/pics/1/4/9/5/26595941b.gif"
719459,"e-tv","Philips","NULL","37PFL3403","http://img.zap.co.il/pics/5/2/6/3/28073625b.gif"
719460,"e-tv","Samsung","NULL","LE40A616","http://img.zap.co.il/pics/4/5/8/0/28110854b.gif"
719467,"e-tv","TCL","NULL","32E9A","http://img.zap.co.il/pics/7/0/3/5/27915307b.gif"
719657,"e-tv","Toshiba","Regza","32AV550","http://img.zap.co.il/pics/6/0/5/4/28164506b.gif"
719658,"e-tv","Philips","NULL","42PFL3403","http://img.zap.co.il/pics/8/1/1/3/27963118b.gif"
719731,"e-tv","FujiCom","NULL","FJ2202","http://img.zap.co.il/pics/5/3/0/0/28250035b.gif"
719736,"e-tv","BenQ","NULL","VM2211","http://img.zap.co.il/pics/6/4/8/5/28265846b.gif"
719742,"e-tv","LG","NULL","37LG32R","http://img.zap.co.il/pics/4/4/1/6/28566144b.gif"
719745,"e-tv","Samsung","NULL","LE40A656","http://img.zap.co.il/pics/2/1/5/8/28238512b.gif"
719837,"e-tv","LG","NULL","42LG32R","http://img.zap.co.il/pics/0/0/2/8/28228200b.gif"
719965,"e-tv","LG","NULL","37LG34R","http://img.zap.co.il/pics/1/0/3/5/28515301b.gif"
719985,"e-tv","Dantax","NULL","SD2602H","http://img.zap.co.il/pics/4/5/0/4/28074054b.gif"
720013,"e-tv","Pioneer","NULL","KRP500M","http://img.zap.co.il/pics/4/4/5/9/28379544b.gif"
720020,"e-tv","Toshiba","Regza","46RV555","http://img.zap.co.il/pics/0/3/9/1/28391930b.gif"
720021,"e-tv","Toshiba","Regza","37RV555","http://img.zap.co.il/pics/8/2/9/1/28391928b.gif"
720022,"e-tv","Toshiba","Regza","42RV555","http://img.zap.co.il/pics/2/2/9/1/28391922b.gif"
720082,"e-tv","Toshiba","Regza","42XV550","http://img.zap.co.il/pics/2/4/7/6/28556742b.gif"
720208,"e-tv","LG","NULL","47LG5000","http://img.zap.co.il/pics/5/3/4/0/28400435b.gif"
720212,"e-tv","Samsung","NULL","LA40A451","http://img.zap.co.il/pics/3/2/0/2/28392023b.gif"
720883,"e-tv","MAG","BF42","FullHD","http://img.zap.co.il/pics/6/7/9/9/27939976b.gif"
720936,"e-tv","Sharp","NULL","LC52D65E","http://img.zap.co.il/pics/8/8/3/6/28686388b.gif"
720989,"e-tv","FujiCom","NULL","FJ4202","http://img.zap.co.il/pics/7/0/7/9/28639707b.gif"
720992,"e-tv","FujiCom","NULL","FJ3702","http://img.zap.co.il/pics/9/0/7/9/28639709b.gif"
721166,"e-tv","Xerox","NULL","HF42","http://img.zap.co.il/pics/4/5/6/3/25943654b.gif"
721167,"e-tv","Xerox","NULL","HF46","http://img.zap.co.il/pics/1/5/9/5/27955951b.gif"
721173,"e-tv","LG","NULL","M2294A","http://img.zap.co.il/pics/0/1/0/5/28525010b.gif"
721183,"e-tv","Sony","NULL","KDL40E4020","http://img.zap.co.il/pics/0/3/9/7/28677930b.gif"
721211,"e-tv","Skyworth","NULL","42L8E","http://img.zap.co.il/pics/8/0/4/9/29249408b.gif"
721213,"e-tv","Sharp","NULL","LC52D65","http://img.zap.co.il/pics/8/8/3/6/28686388b.gif"
721237,"e-tv","Samsung","NULL","LE40A786","http://img.zap.co.il/pics/5/3/5/3/28323535b.gif"
721240,"e-tv","Pixxel","SUPERSTAR","XP-42","http://img.zap.co.il/pics/5/8/0/3/28393085b.gif"
721248,"e-tv","Philips","NULL","42PES0001","http://img.zap.co.il/pics/4/2/9/3/28803924b.gif"
721260,"e-tv","Panasonic","NULL","TH42PV8","http://img.zap.co.il/pics/1/2/5/7/27307521b.gif"
721262,"e-tv","Normande","NULL","1301610X","http://img.zap.co.il/pics/1/0/8/4/22004801b.gif"
721263,"e-tv","Metz","NULL","LC37LT","http://img.zap.co.il/pics/3/4/1/8/28148143b.gif"
721268,"e-tv","LG","NULL","60PG70FR","http://img.zap.co.il/pics/1/5/8/1/28591851b.gif"
721272,"e-tv","Thomson","NULL","L32M71A3","http://img.zap.co.il/pics/0/4/5/6/27846540b.gif"
721274,"e-tv","LG","NULL","37LG53FR","http://img.zap.co.il/pics/0/7/5/0/28970570b.gif"
721284,"e-tv","LG","NULL","37LG3OUR","http://img.zap.co.il/pics/4/4/0/6/26486044b.gif"
721285,"e-tv","LG","NULL","42LG53FR","http://img.zap.co.il/pics/3/2/9/3/28803923b.gif"
721288,"e-tv","Lenco","NULL","GRLCD42751","http://img.zap.co.il/pics/5/6/7/6/22096765b.gif"
721312,"e-tv","FujiCom","NULL","PLXPR01","http://img.zap.co.il/pics/8/2/4/7/26657428b.gif"
721316,"e-tv","Beko","NULL","BKL32SCLU1B","http://img.zap.co.il/pics/6/4/8/9/28309846b.gif"
721322,"e-tv","Beko","NULL","BKL22SMLS3B","http://img.zap.co.il/pics/0/3/8/9/28309830b.gif"
721323,"e-tv","Beko","NULL","BKL37SCLU2B","http://img.zap.co.il/pics/3/4/8/9/28309843b.gif"
721324,"e-tv","Beko","NULL","BKL42SCLU4B","http://img.zap.co.il/pics/2/3/8/9/28309832b.gif"
721325,"e-tv","Beko","NULL","BKL37SFLU2B","http://img.zap.co.il/pics/4/7/1/4/28324174b.gif"
721326,"e-tv","Beko","NULL","BKL42SFLU2B","http://img.zap.co.il/pics/5/7/1/4/28324175b.gif"
721374,"e-tv","Philips","NULL","32PFL7803D","http://img.zap.co.il/pics/3/0/1/6/28816103b.gif"
722095,"e-tv","Metz","NULL","LC52TL","http://img.zap.co.il/pics/8/1/7/5/28855718b.gif"
722516,"e-tv","Sharp","NULL","LC37D44E","http://img.zap.co.il/pics/2/0/0/3/28073002b.gif"
722520,"e-tv","Samsung","NULL","PS42Q7H","http://img.zap.co.il/pics/7/0/9/9/18979907b.gif"
722532,"e-tv","i-Tech","NULL","4701W","http://img.zap.co.il/pics/9/7/3/1/28551379b.gif"
722710,"e-tv","Samsung","NULL","PS50A457","http://img.zap.co.il/pics/4/2/5/6/28066524b.gif"
722711,"e-tv","LG","NULL","47LG53FR","http://img.zap.co.il/pics/0/5/5/5/29065550b.gif"
722725,"e-tv","Sharp","NULL","LC37DH66E","http://img.zap.co.il/pics/8/8/7/8/29018788b.gif"
722726,"e-tv","Sharp","NULL","LC52DH65E","http://img.zap.co.il/pics/9/8/7/8/29018789b.gif"
724541,"e-tv","Hitachi","NULL","P42E102A","http://img.zap.co.il/pics/4/9/2/9/29029294b.gif"
724632,"e-tv","Thomson","NULL","22E92NH22","http://img.zap.co.il/pics/6/5/9/1/29061956b.gif"
724633,"e-tv","Thomson","NULL","40E91NF32","http://img.zap.co.il/pics/2/5/4/3/29063452b.gif"
724634,"e-tv","Thomson","NULL","42E90NF32","http://img.zap.co.il/pics/0/5/4/3/29063450b.gif"
724635,"e-tv","Thomson","NULL","46E90NF32","http://img.zap.co.il/pics/9/4/4/3/29063449b.gif"
724751,"e-tv","Toshiba","Regza","42AV550","http://img.zap.co.il/pics/0/0/8/0/29050800b.gif"
724774,"e-tv","Toshiba","Regza","37AV550","http://img.zap.co.il/pics/0/0/8/3/29173800b.gif"
724778,"e-tv","Thomson","NULL","46E91NF32","http://img.zap.co.il/pics/2/6/1/4/29064162b.gif"
724779,"e-tv","Samsung","NULL","PS50A476","http://img.zap.co.il/pics/3/2/5/6/28066523b.gif"
724780,"e-tv","Panasonic","NULL","TH42PZ80","http://img.zap.co.il/pics/7/1/5/6/28066517b.gif"
724828,"e-tv","BenQ","NULL","SJ4231","http://img.zap.co.il/pics/2/8/4/8/29248482b.gif"
724892,"e-tv","LG","NULL","50PQ300R","http://img.zap.co.il/pics/0/9/8/0/29120890b.gif"
725281,"e-tv","Pixxel","SUPERMAN","XC","http://img.zap.co.il/pics/1/2/8/0/28030821b.gif"
725949,"e-tv","Sony","NULL","KDL32V4200","http://img.zap.co.il/pics/0/3/0/5/29405030b.gif"
725959,"e-tv","Sony","NULL","KDL40V5500","http://img.zap.co.il/pics/5/3/0/7/29437035b.gif"
725960,"e-tv","Sony","NULL","KDL40W5500","http://img.zap.co.il/pics/8/3/8/7/29437838b.gif"
725964,"e-tv","Sony","NULL","KDL52V5500","http://img.zap.co.il/pics/9/3/8/7/29437839b.gif"
725971,"e-tv","Haier","NULL","L37K1","http://img.zap.co.il/pics/0/4/3/8/29328340b.gif"
725976,"e-tv","Panasonic","NULL","TH42PV8M","http://img.zap.co.il/pics/.gif"
725981,"e-tv","Panasonic","NULL","TX42LZ80","http://img.zap.co.il/pics/4/8/2/0/29330284b.gif"
725983,"e-tv","LG","NULL","47LG53","http://img.zap.co.il/pics/8/5/6/7/29347658b.gif"
726389,"e-tv","Dantax","NULL","SD4702H","http://img.zap.co.il/pics/6/7/7/2/29602776b.gif"
726497,"e-tv","Grundig","NULL",373821,"http://img.zap.co.il/pics/2/4/5/5/28645542b.gif"
726701,"e-tv","Sony","Bravia","KDL37S5500","http://img.zap.co.il/pics/0/4/0/7/29437040b.gif"
727457,"e-tv","Finlux","NULL","42FLH850H","http://img.zap.co.il/pics/4/8/0/3/29973084b.gif"
727498,"e-tv","Sanyo","NULL","CE37FC33C","http://img.zap.co.il/pics/0/3/5/6/29776530b.gif"
727499,"e-tv","Sanyo","NULL","CE42FC33","http://img.zap.co.il/pics/4/9/7/8/29718794b.gif"
727500,"e-tv","Sanyo","NULL","CE47FC33","http://img.zap.co.il/pics/1/9/7/8/29718791b.gif"
727688,"e-tv","Toshiba","NULL","42XV565DG","http://img.zap.co.il/pics/4/9/9/2/29552994b.gif"
727711,"e-tv","Finlux","NULL","32FLH850H","http://img.zap.co.il/pics/0/3/1/8/29548130b.gif"
727787,"e-tv","Thomson","NULL","42M71A2","http://img.zap.co.il/pics/3/7/9/7/28967973b.gif"
727793,"e-tv","TCL","NULL","26E9A","http://img.zap.co.il/pics/0/0/1/5/29615100b.gif"
727795,"e-tv","Sony","NULL","KDL40S5500","http://img.zap.co.il/pics/0/4/3/8/30468340b.gif"
728045,"e-tv","Toshiba","NULL","46X3500","http://img.zap.co.il/pics/0/7/9/0/28510970b.gif"
728056,"e-tv","Toshiba","NULL","52Z3500","http://img.zap.co.il/pics/0/2/5/1/28901520b.gif"
728062,"e-tv","Sony","NULL","KDL37W5500","http://img.zap.co.il/pics/6/0/4/7/30097406b.gif"
728069,"e-tv","Sharp","NULL","LC42DH77E","http://img.zap.co.il/pics/0/4/3/5/30515340b.gif"
728073,"e-tv","Sanyo","NULL","CE37FC33","http://img.zap.co.il/pics/5/4/3/4/29984345b.gif"
728075,"e-tv","Samsung","NULL","PS50A451","http://img.zap.co.il/pics/1/2/5/1/29961521b.gif"
728087,"e-tv","LG","NULL","37LH20","http://img.zap.co.il/pics/8/8/0/0/30660088b.gif"
728088,"e-tv","LG","NULL","42LH20","http://img.zap.co.il/pics/.gif"
728118,"e-tv","LG","NULL","42LH20R","http://img.zap.co.il/pics/0/9/9/0/29890990b.gif"
728119,"e-tv","LG","NULL","37LH20R","http://img.zap.co.il/pics/0/8/0/7/30127080b.gif"
728120,"e-tv","LG","NULL","32LH20R","http://img.zap.co.il/pics/0/1/8/8/30138810b.gif"
728121,"e-tv","LG","NULL","26LH20R","http://img.zap.co.il/pics/0/1/4/8/29798410b.gif"
728128,"e-tv","Samsung","NULL","P50HP","http://img.zap.co.il/pics/6/7/8/1/29661876b.gif"
728129,"e-tv","Samsung","NULL","LE46A856","http://img.zap.co.il/pics/0/0/2/5/29955200b.gif"
728136,"e-tv","LG","NULL","42PQ300R","http://img.zap.co.il/pics/0/2/5/7/29627520b.gif"
728137,"e-tv","LG","NULL","50PQ300","http://img.zap.co.il/pics/3/6/0/2/30042063b.gif"
728139,"e-tv","LG","NULL","42LH22R","http://img.zap.co.il/pics/2/1/3/8/29798312b.gif"
728144,"e-tv","Philips","NULL","42PFL5604H","http://img.zap.co.il/pics/8/2/8/4/30084828b.gif"
728145,"e-tv","Philips","NULL","42PFL8404H","http://img.zap.co.il/pics/0/6/0/1/30481060b.gif"
728151,"e-tv","LG","NULL","42PQ300","http://img.zap.co.il/pics/8/6/0/2/30042068b.gif"
728152,"e-tv","LG","NULL","50PQ70BR","http://img.zap.co.il/pics/0/4/8/5/30465840b.gif"
728154,"e-tv","LG","NULL","42PQ70BR","http://img.zap.co.il/pics/0/1/0/3/30603010b.gif"
728160,"e-tv","LG","NULL","37LH22R","http://img.zap.co.il/pics/1/1/3/8/29798311b.gif"
728161,"e-tv","LG","NULL","37LG55FR","http://img.zap.co.il/pics/3/7/0/2/30532073b.gif"
728162,"e-tv","LG","Scarlet","42LH70YR","http://img.zap.co.il/pics/1/4/2/0/30290241b.gif"
728163,"e-tv","LG","NULL","47LH70YR","http://img.zap.co.il/pics/1/4/8/3/30463841b.gif"
728165,"e-tv","KTC","NULL","32T31","http://img.zap.co.il/pics/8/6/9/2/29912968b.gif"
728174,"e-tv","LG","NULL","32LH70YR","http://img.zap.co.il/pics/0/7/4/5/30465470b.gif"
728175,"e-tv","Haier","NULL","32K1","http://img.zap.co.il/pics/2/1/0/9/29719012b.gif"
728176,"e-tv","Fuji","NULL",3207,"http://img.zap.co.il/pics/0/6/5/3/29983560b.gif"
728189,"e-tv","Beko","NULL","BKL22SM","http://img.zap.co.il/pics/9/9/5/7/28147599b.gif"
728246,"e-tv","LG","Scarlet","37LH70YR","http://img.zap.co.il/pics/7/8/7/7/30127787b.gif"
728254,"e-tv","Sony","NULL","KDL37W5500E","http://img.zap.co.il/pics/0/5/4/8/30628450b.gif"
728361,"e-tv","Sony","NULL","KDL32W5500","http://img.zap.co.il/pics/6/1/8/3/30453816b.gif"
728363,"e-tv","Sanyo","NULL","LCD42K20","http://img.zap.co.il/pics/3/3/2/6/30806233b.gif"
728547,"e-tv","Panasonic","NULL","TXP42X10","http://img.zap.co.il/pics/9/5/1/7/30137159b.gif"
728899,"e-tv","Panasonic","NULL","TXP50X10","http://img.zap.co.il/pics/1/2/4/3/29943421b.gif"
728900,"e-tv","Panasonic","NULL","TXP42G10","http://img.zap.co.il/pics/1/3/0/4/30194031b.gif"
728902,"e-tv","Haier","NULL","L42K1","http://img.zap.co.il/pics/2/2/1/2/30202122b.gif"
729777,"e-tv","Philips","NULL","42PFL5604","http://img.zap.co.il/pics/4/9/5/4/30294594b.gif"
730007,"e-tv","Sony","NULL","KDL52W5500","http://img.zap.co.il/pics/5/3/8/5/30275835b.gif"
730310,"e-tv","Sony","NULL","KDL46W5500","http://img.zap.co.il/pics/2/4/3/0/30480342b.gif"
730517,"e-tv","LG","NULL","42LF20FR","http://img.zap.co.il/pics/0/8/8/2/30672880b.gif"
731222,"e-tv","Toshiba","NULL","42RV635","http://img.zap.co.il/pics/3/2/2/6/30516223b.gif"
731224,"e-tv","Sharp","NULL","LC46DH77E","http://img.zap.co.il/pics/2/3/6/9/30479632b.gif"
731231,"e-tv","LG","NULL","47LH35FR","http://img.zap.co.il/pics/9/0/3/1/30531309b.gif"
731232,"e-tv","LG","NULL","42LH35FR","http://img.zap.co.il/pics/0/0/9/1/30531900b.gif"
731233,"e-tv","LG","NULL","50PQ30","http://img.zap.co.il/pics/0/2/5/2/30532520b.gif"
731235,"e-tv","Konka","NULL","KL42CS62Q","http://img.zap.co.il/pics/3/0/4/6/30466403b.gif"
731236,"e-tv","Philips","NULL","37PFL5604H","http://img.zap.co.il/pics/2/1/2/8/30638212b.gif"
731286,"e-tv","Panasonic","NULL","TH42PH11","http://img.zap.co.il/pics/6/4/3/6/30616346b.gif"
731287,"e-tv","Philips","NULL","37PFL8404H","http://img.zap.co.il/pics/1/7/6/0/30660671b.gif"
731288,"e-tv","Philips","NULL","42PFL7404","http://img.zap.co.il/pics/4/6/3/6/30466364b.gif"
731289,"e-tv","Philips","NULL","47PFL5604H","http://img.zap.co.il/pics/2/6/7/9/30479762b.gif"
731290,"e-tv","Hitachi","NULL","P50X102A","http://img.zap.co.il/pics/6/4/5/4/30444546b.gif"
731951,"e-tv","LG","NULL","32LH35FR","http://img.zap.co.il/pics/1/2/2/0/30710221b.gif"
732309,"e-tv","Toshiba","NULL","32AV605","http://img.zap.co.il/pics/4/9/6/9/30649694b.gif"
732311,"e-tv","Sony","NULL","KDL40V4000","http://img.zap.co.il/pics/3/2/6/7/30557623b.gif"
732313,"e-tv","Samsung","NULL","LA40B550","http://img.zap.co.il/pics/2/7/4/2/30672472b.gif"
732314,"e-tv","Samsung","NULL","LA32B350","http://img.zap.co.il/pics/1/8/1/3/30723181b.gif"
732316,"e-tv","Samsung","NULL","LA46B610","http://img.zap.co.il/pics/1/9/0/0/30750091b.gif"
732317,"e-tv","Samsung","NULL","LA46B550","http://img.zap.co.il/pics/2/9/0/0/30750092b.gif"
732318,"e-tv","Samsung","NULL","UA55B7000","http://img.zap.co.il/pics/9/9/5/9/30649599b.gif"
732319,"e-tv","Samsung","NULL","LA32B530","http://img.zap.co.il/pics/3/8/8/8/30648883b.gif"
732546,"e-tv","Samsung","NULL","LA40B610","http://img.zap.co.il/pics/2/3/5/3/30683532b.gif"
732547,"e-tv","Samsung","NULL","PS50B430","http://img.zap.co.il/pics/9/4/0/9/30709049b.gif"
732548,"e-tv","Samsung","NULL","LA52B550","http://img.zap.co.il/pics/3/3/0/8/30698033b.gif"
732549,"e-tv","Samsung","NULL","LA52B610","http://img.zap.co.il/pics/3/8/4/2/30672483b.gif"
732550,"e-tv","Samsung","NULL","PS50B550","http://img.zap.co.il/pics/5/9/4/2/30672495b.gif"
732551,"e-tv","Samsung","NULL","PS42B450","http://img.zap.co.il/pics/2/4/4/9/30809442b.gif"
732552,"e-tv","Samsung","NULL","PS42B430","http://img.zap.co.il/pics/1/4/4/9/30809441b.gif"
732737,"e-tv","LG","NULL","32LF20FR","http://img.zap.co.il/pics/5/5/2/9/30559255b.gif"
732738,"e-tv","FujiCom","NULL","FJ4205","http://img.zap.co.il/pics/1/2/0/9/30649021b.gif"
732741,"e-tv","Samsung","NULL","LA32B450","http://img.zap.co.il/pics/1/1/8/8/30748811b.gif"
732742,"e-tv","Samsung","NULL","LA37B530","http://img.zap.co.il/pics/3/1/5/4/30864513b.gif"
732813,"e-tv","Panasonic","NULL","TH50PH11","http://img.zap.co.il/pics/9/6/2/0/30780269b.gif"
732816,"e-tv","Panasonic","NULL","TXP42S10","http://img.zap.co.il/pics/1/6/2/3/30723261b.gif"
732828,"e-tv","Sharp","NULL","LC52DH77E","http://img.zap.co.il/pics/7/4/0/0/30710047b.gif"
732913,"e-tv","Samsung","NULL","LA40B530","http://img.zap.co.il/pics/3/9/0/9/30749093b.gif"
732914,"e-tv","Samsung","NULL","UA46B7000","http://img.zap.co.il/pics/3/9/8/5/30675893b.gif"
732918,"e-tv","Samsung","NULL","LA55B650","http://img.zap.co.il/pics/6/1/3/3/31473316b.gif"
732923,"e-tv","Samsung","NULL","PS50B450","http://img.zap.co.il/pics/3/7/3/3/31473373b.gif"
732926,"e-tv","Samsung","NULL","UA40B6000","http://img.zap.co.il/pics/2/1/4/8/30758412b.gif"
732928,"e-tv","Konka","NULL","KL32CS62","http://img.zap.co.il/pics/4/4/0/1/30891044b.gif"
732933,"e-tv","LG","NULL","37LH35FR","http://img.zap.co.il/pics/1/5/2/9/30559251b.gif"
732934,"e-tv","Hisense","NULL","42W58P","http://img.zap.co.il/pics/6/6/2/4/30614266b.gif"
732935,"e-tv","Philips","NULL","42PFL7404H","http://img.zap.co.il/pics/0/8/9/9/30559980b.gif"
732936,"e-tv","Philips","NULL","47PFL8404H","http://img.zap.co.il/pics/5/3/7/7/30817735b.gif"
732937,"e-tv","Samsung","NULL","LE40B650","http://img.zap.co.il/pics/8/7/4/6/30276478b.gif"
732938,"e-tv","Panasonic","NULL","TXP50S10","http://img.zap.co.il/pics/2/6/2/3/30723262b.gif"
734486,"e-tv","LG","NULL","37LH50YR","http://img.zap.co.il/pics/2/0/0/7/31787002b.gif"
734488,"e-tv","LG","NULL","42LH35","http://img.zap.co.il/pics/0/1/2/4/30664210b.gif"
734490,"e-tv","Samsung","NULL","UE40B7020","http://img.zap.co.il/pics/9/3/6/9/30559639b.gif"
734493,"e-tv","Samsung","NULL","UE46B7020","http://img.zap.co.il/pics/5/6/9/9/30499965b.gif"
734501,"e-tv","LG","NULL","32LH35","http://img.zap.co.il/pics/9/0/2/4/30664209b.gif"
734502,"e-tv","LG","NULL","37LH35","http://img.zap.co.il/pics/7/3/2/5/31505237b.gif"
734503,"e-tv","LG","NULL","42LH50","http://img.zap.co.il/pics/0/2/7/6/30996720b.gif"
734506,"e-tv","Philips","NULL","37PFL5604","http://img.zap.co.il/pics/5/9/8/0/30960895b.gif"
734508,"e-tv","Toshiba","NULL","37AV605","http://img.zap.co.il/pics/4/7/1/4/31474174b.gif"
734510,"e-tv","Toshiba","NULL","37XV635","http://img.zap.co.il/pics/2/4/9/6/30996942b.gif"
734511,"e-tv","Sony","NULL","KDL40E4000","http://img.zap.co.il/pics/2/8/1/8/31428182b.gif"
734522,"e-tv","LG","NULL","37LH50","http://img.zap.co.il/pics/1/4/2/5/31505241b.gif"
734524,"e-tv","LG","NULL","47LH50","http://img.zap.co.il/pics/1/2/7/6/30996721b.gif"
734532,"e-tv","Samsung","NULL","UE46B6000","http://img.zap.co.il/pics/8/5/1/4/31094158b.gif"
734534,"e-tv","Sharp","NULL","LC37A37M","http://img.zap.co.il/pics/2/4/0/7/30817042b.gif"
734540,"e-tv","Sony","NULL","KDL40S5600","http://img.zap.co.il/pics/5/9/0/3/31923095b.gif"
734543,"e-tv","Toshiba","NULL","42AV635","http://img.zap.co.il/pics/3/2/0/5/30955023b.gif"
734652,"e-tv","Toshiba","NULL","37X3300C","http://img.zap.co.il/pics/3/6/8/0/31190863b.gif"
734653,"e-tv","Haier","NULL","L42S9","http://img.zap.co.il/pics/0/7/6/7/31577670b.gif"
734654,"e-tv","Samsung","NULL","32B350","http://img.zap.co.il/pics/4/2/1/6/30806124b.gif"
734672,"e-tv","Toshiba","NULL","42AV635DG","http://img.zap.co.il/pics/1/9/4/4/30864491b.gif"
734765,"e-tv","Grundig","NULL","GR426381","http://img.zap.co.il/pics/4/1/1/7/30647114b.gif"
734877,"e-tv","Konka","NULL","KL26ES62Q","http://img.zap.co.il/pics/0/9/6/4/31534690b.gif"
734878,"e-tv","LG","NULL","42LH50YR","http://img.zap.co.il/pics/1/4/1/8/31278141b.gif"
734880,"e-tv","Panasonic","NULL","THP50C10","http://img.zap.co.il/pics/0/2/2/5/31765220b.gif"
734885,"e-tv","TCL","NULL","46E9AF","http://img.zap.co.il/pics/8/1/6/0/31110618b.gif"
734890,"e-tv","Metz","NULL","LC40TL","http://img.zap.co.il/pics/0/0/6/3/31263600b.gif"
735414,"e-tv","LG","NULL","47LH50YR","http://img.zap.co.il/pics/7/9/7/1/31121797b.gif"
735415,"e-tv","Philips","NULL","52PFL7404H","http://img.zap.co.il/pics/5/1/6/6/31206615b.gif"
735416,"e-tv","Samsung","NULL","UA40B7000","http://img.zap.co.il/pics/3/1/7/3/31613713b.gif"
735417,"e-tv","Toshiba","Regza","32AV600","http://img.zap.co.il/pics/5/1/4/2/31122415b.gif"
735418,"e-tv","Toshiba","NULL","46XV625","http://img.zap.co.il/pics/2/2/1/3/30833122b.gif"
735532,"e-tv","LG","NULL","32LF15R","http://img.zap.co.il/pics/2/4/1/3/31373142b.gif"
735533,"e-tv","Hitachi","NULL","L42N03A","http://img.zap.co.il/pics/5/5/3/0/31180355b.gif"
735536,"e-tv","Philips","NULL","47PFL8404","http://img.zap.co.il/pics/2/7/7/8/31248772b.gif"
735538,"e-tv","FujiCom","NULL","FJ3705","http://img.zap.co.il/pics/2/2/0/0/31490022b.gif"
735539,"e-tv","Samsung","NULL","LA40B450","http://img.zap.co.il/pics/5/7/6/7/30557675b.gif"
735540,"e-tv","Samsung","NULL","UE40B7000","http://img.zap.co.il/pics/3/8/5/6/31246583b.gif"
735941,"e-tv","Panasonic","NULL","THP42X10","http://img.zap.co.il/pics/3/2/7/7/31577723b.gif"
735942,"e-tv","Sony","NULL","KDL46V5500","http://img.zap.co.il/pics/6/2/4/7/31907426b.gif"
735949,"e-tv","Toshiba","NULL","37RV635","http://img.zap.co.il/pics/7/8/2/1/31291287b.gif"
735950,"e-tv","Toshiba","NULL","42XV635","http://img.zap.co.il/pics/5/8/2/1/31291285b.gif"
735951,"e-tv","Toshiba","NULL","46XV635","http://img.zap.co.il/pics/3/8/2/1/31291283b.gif"
735995,"e-tv","Haier","NULL","L47K1","http://img.zap.co.il/pics/6/0/7/4/31474706b.gif"
735996,"e-tv","LG","NULL","32LH23UR","http://img.zap.co.il/pics/1/5/6/4/31574651b.gif"
735997,"e-tv","LG","NULL","37LH23UR","http://img.zap.co.il/pics/3/6/5/0/31730563b.gif"
735998,"e-tv","Toshiba","NULL","37AV600","http://img.zap.co.il/pics/4/6/8/8/31428864b.gif"
736066,"e-tv","Tadiran","NULL","37X3300C","http://img.zap.co.il/pics/0/2/0/5/31475020b.gif"
736219,"e-tv","Panasonic","Viera","THL32C10","http://img.zap.co.il/pics/4/7/9/7/29907974b.gif"
736221,"e-tv","Panasonic","NULL","THL37X10","http://img.zap.co.il/pics/5/4/4/5/31575445b.gif"
736222,"e-tv","LG","NULL","47LH90QR","http://img.zap.co.il/pics/7/7/0/4/31924077b.gif"
736226,"e-tv","LG","NULL","42LH23UR","http://img.zap.co.il/pics/4/6/5/0/31730564b.gif"
736254,"e-tv","Toshiba","NULL","37X3300","http://img.zap.co.il/pics/6/1/4/4/31534416b.gif"
736255,"e-tv","Panasonic","NULL","THP42C10","http://img.zap.co.il/pics/7/7/0/3/31863077b.gif"
737149,"e-tv","Samsung","NULL","LA46B750","http://img.zap.co.il/pics/8/6/0/6/31756068b.gif"
737181,"e-tv","Haier","NULL","L22T3","http://img.zap.co.il/pics/6/4/4/2/31862446b.gif"
737183,"e-tv","Panasonic","NULL","THP50X10","http://img.zap.co.il/pics/7/9/5/9/31569597b.gif"
737184,"e-tv","Panasonic","NULL","TXP42V10","http://img.zap.co.il/pics/6/7/1/0/31630176b.gif"
737185,"e-tv","Panasonic","NULL","TXP50V10","http://img.zap.co.il/pics/5/7/1/0/31630175b.gif"
737187,"e-tv","Philips","NULL","47PFL7404H","http://img.zap.co.il/pics/6/6/7/9/31569766b.gif"
737211,"e-tv","Sony","Bravia","KDL40S4000","http://img.zap.co.il/pics/3/8/7/7/30557783b.gif"
737513,"e-tv","LG","NULL","47LH30","http://img.zap.co.il/pics/8/2/2/1/31731228b.gif"
737516,"e-tv","Toshiba","NULL","42ZV635","http://img.zap.co.il/pics/4/2/0/1/31731024b.gif"
737703,"e-tv","BenQ","NULL","SK3731","http://img.zap.co.il/pics/8/4/8/5/31755848b.gif"
737786,"e-tv","JVC","NULL","LT42Z49","http://img.zap.co.il/pics/1/7/4/3/31863471b.gif"
737860,"e-tv","Sony","NULL","KDL37S5600","http://img.zap.co.il/pics/7/9/9/2/31922997b.gif"
737861,"e-tv","Philips","NULL","22PFL3409","http://img.zap.co.il/pics/1/7/4/5/31935471b.gif"
737864,"e-tv","FujiCom","NULL","FJ4706","http://img.zap.co.il/pics/3/4/9/6/31886943b.gif"
737923,"e-tv","Philips","NULL","32PFL7404H","http://img.zap.co.il/pics/5/4/9/9/31979945b.gif"
739042,"e-tv","LG","NULL","50PQ10","http://img.zap.co.il/pics/7/4/1/5/32245147b.gif"
739220,"e-tv","Panasonic","NULL","TH42X10","http://img.zap.co.il/pics/5/3/3/0/32280335b.gif"
739221,"e-tv","Sharp","NULL","LC46LE600E","http://img.zap.co.il/pics/9/7/0/0/32280079b.gif"
739222,"e-tv","Sharp","NULL","LC37D66","http://img.zap.co.il/pics/5/7/4/2/29102475b.gif"
739282,"e-tv","LG","NULL","42PQ30R","http://img.zap.co.il/pics/5/5/1/9/31229155b.gif"
739756,"e-tv","LG","NULL","55LH50YR","http://img.zap.co.il/pics/0/8/5/8/32358580b.gif"
739799,"e-tv","Toshiba","NULL","46SV685","http://img.zap.co.il/pics/0/8/7/3/32333780b.gif"
739802,"e-tv","Toshiba","NULL","55SV685","http://img.zap.co.il/pics/1/8/7/3/32333781b.gif"
739903,"e-tv","Samsung","NULL","P50FP","http://img.zap.co.il/pics/4/4/4/4/32434444b.gif"
739904,"e-tv","Samsung","NULL","LE46B650","http://img.zap.co.il/pics/3/8/9/6/32436983b.gif"
740925,"e-tv","Sharp","NULL","LC46LE700E","http://img.zap.co.il/pics/6/5/7/5/32505756b.gif"
740926,"e-tv","Panasonic","NULL","THP50C10M","http://img.zap.co.il/pics/.gif"
740930,"e-tv","Konka","NULL","KL22ES68Q","http://img.zap.co.il/pics/9/8/8/9/30749889b.gif"
740931,"e-tv","FujiCom","NULL","FJ4605","http://img.zap.co.il/pics/4/0/2/7/32527204b.gif"
740932,"e-tv","FujiCom","NULL","FJ5205","http://img.zap.co.il/pics/7/0/1/1/31771107b.gif"
740934,"e-tv","FujiCom","NULL","FJ2205","http://img.zap.co.il/pics/1/1/4/6/32566411b.gif"
740937,"e-tv","FujiCom","NULL","FJ4206","http://img.zap.co.il/pics/4/6/9/8/32128964b.gif"
741309,"e-tv","Toshiba","NULL","46RV600","http://img.zap.co.il/pics/0/7/9/7/32537970b.gif"
741311,"e-tv","Sharp","NULL","LC40LE600E","http://img.zap.co.il/pics/1/5/7/6/32536751b.gif"
741312,"e-tv","Sharp","NULL","LC40LE700E","http://img.zap.co.il/pics/2/5/7/6/32536752b.gif"
741672,"e-tv","KDF","NULL","42T41","http://img.zap.co.il/pics/8/3/2/9/32619238b.gif"
741768,"e-tv","Panasonic","NULL","THL42S10","http://img.zap.co.il/pics/0/0/4/5/32375400b.gif"
741982,"e-tv","Panasonic","NULL","THL37S10","http://img.zap.co.il/pics/0/2/9/9/32619920b.gif"
742644,"e-tv","Samsung","NULL","933HD","http://img.zap.co.il/pics/0/3/6/3/32703630b.gif"
742886,"e-tv","LG","NULL","47sl80yr","http://img.zap.co.il/pics/.gif"
743280,"e-tv","LG","NULL","42SL80YR","http://img.zap.co.il/pics/4/8/9/9/32939984b.gif"
743344,"e-tv","Panasonic","NULL","THP42S10","http://img.zap.co.il/pics/9/3/0/4/33074039b.gif"
743430,"e-tv","Panasonic","NULL","THP54S10","http://img.zap.co.il/pics/0/3/0/7/33197030b.gif"
743431,"e-tv","Panasonic","NULL","THP50S10","http://img.zap.co.il/pics/1/3/0/7/33197031b.gif"
743459,"e-tv","LG","NULL","50PS80BR","http://img.zap.co.il/pics/0/8/2/2/32912280b.gif"
744181,"e-tv","Panasonic","NULL","THP42G10M","http://img.zap.co.il/pics/.gif"
744188,"e-tv","LG","NULL","42SL90QR","http://img.zap.co.il/pics/1/8/4/5/33075481b.gif"
744190,"e-tv","LG","NULL","47SL90QR","http://img.zap.co.il/pics/1/3/7/3/33233731b.gif"
744191,"e-tv","LG","NULL","47SL90YR","http://img.zap.co.il/pics/.gif"
744244,"e-tv","Panasonic","NULL","THP50V10M","http://img.zap.co.il/pics/8/1/7/6/33136718b.gif"
744441,"e-tv","Philips","NULL","42PFL3609","http://img.zap.co.il/pics/0/0/9/9/33049900b.gif"
744465,"e-tv","LG","NULL","60PS40FR","http://img.zap.co.il/pics/1/3/1/5/32855131b.gif"
744468,"e-tv","Telefunken","NULL","TLF3755","http://img.zap.co.il/pics/4/3/5/5/31835534b.gif"
744524,"e-tv","Toshiba","NULL","37RV685","http://img.zap.co.il/pics/7/9/3/7/32527397b.gif"
744525,"e-tv","Philips","NULL","42PFL9664H","http://img.zap.co.il/pics/.gif"
744744,"e-tv","LG","NULL","32SL80YR","http://img.zap.co.il/pics/.gif"
745548,"e-tv","TEAC","NULL","32T88","http://img.zap.co.il/pics/9/8/0/4/33284089b.gif"
745549,"e-tv","TCL","NULL","42E9AF","http://img.zap.co.il/pics/5/0/3/5/27915305b.gif"
745561,"e-tv","JVC","NULL","LT22EX19","http://img.zap.co.il/pics/3/3/5/9/33009533b.gif"
